<application>
  <component name="VimSettings">
    <state version="4" enabled="true" />
    <globalmarks />
    <filemarks>
      <file name="$USER_HOME$/code/espeo/trade.io-eduportal/frontend/src/app/components/dashboard/dashboard.component.ts" timestamp="1555320065092">
        <mark key="[" line="4" column="8" />
      </file>
      <file name="$USER_HOME$/code/espeo/trade.io-eduportal/frontend/src/app/components/auth/auth.component.spec.ts" timestamp="1555407484469">
        <mark key="[" line="10" column="37" />
      </file>
      <file name="$USER_HOME$/code/espeo/trade.io-eduportal/frontend/cypress/integration/exam-manage.spec.js" timestamp="1555063577299">
        <mark key="[" line="11" column="18" />
      </file>
      <file name="$USER_HOME$/code/espeo/trade.io-eduportal/frontend/src/app/components/instructor/manage-course/manage-course-exam/manage-course-exam.component.ts" timestamp="1554904904668">
        <mark key="[" line="1" column="49" />
      </file>
      <file name="$USER_HOME$/code/espeo/trade.io-eduportal/frontend/src/environments/environment.ts" timestamp="1555419521229">
        <mark key="[" line="9" column="16" />
      </file>
      <file name="$USER_HOME$/code/espeo/trade.io-eduportal/frontend/src/app/root-store/common.ts" timestamp="1554193284170">
        <mark key="[" line="0" column="0" />
      </file>
      <file name="$USER_HOME$/code/espeo/trade.io-eduportal/frontend/src/app/components/instructor/manage-course/manage-course-students/manage-course-students.component.ts" timestamp="1554905019370">
        <mark key="[" line="0" column="50" />
      </file>
      <file name="$USER_HOME$/code/espeo/trade.io-eduportal/frontend/src/environments/environment.mock.ts" timestamp="1555402602108">
        <mark key="[" line="5" column="15" />
      </file>
      <file name="$USER_HOME$/code/espeo/trade.io-eduportal/frontend/src/app/components/navbar/sign-in-modal/sign-in-modal.component.ts" timestamp="1555419901278">
        <mark key="[" line="1" column="41" />
        <mark key="]" line="20" column="0" />
        <mark key="." line="20" column="0" />
      </file>
      <file name="$USER_HOME$/code/espeo/trade.io-eduportal/frontend/src/app/root-store/index.ts" timestamp="1555066464442">
        <mark key="[" line="21" column="0" />
      </file>
      <file name="$USER_HOME$/code/espeo/trade.io-eduportal/frontend/cypress/integration/course-list.spec.js" timestamp="1555424498745">
        <mark key="[" line="6" column="47" />
        <mark key="]" line="6" column="0" />
        <mark key="." line="6" column="0" />
      </file>
      <file name="$USER_HOME$/code/espeo/trade.io-eduportal/frontend/mock/routes.json" timestamp="1555422592368">
        <mark key="[" line="11" column="36" />
      </file>
      <file name="$USER_HOME$/code/espeo/trade.io-eduportal/frontend/src/app/domain/personalData.ts" timestamp="1554904615338">
        <mark key="[" line="16" column="0" />
      </file>
      <file name="$USER_HOME$/code/espeo/trade.io-eduportal/frontend/src/app/components/instructor/manage-course/manage-course-chapter/manage-course-chapter.component.ts" timestamp="1554887745119">
        <mark key="[" line="38" column="18" />
        <mark key="]" line="38" column="19" />
        <mark key="." line="38" column="19" />
      </file>
      <file name="$USER_HOME$/code/espeo/trade.io-eduportal/frontend/src/app/mocks.ts" timestamp="1554821873101">
        <mark key="[" line="59" column="2" />
        <mark key="]" line="40" column="17" />
        <mark key="." line="40" column="17" />
      </file>
      <file name="$USER_HOME$/code/espeo/trade.io-eduportal/frontend/src/app/root-store/course-wizard/course-wizard.module.ts" timestamp="1554371697271">
        <mark key="[" line="1" column="47" />
      </file>
      <file name="$USER_HOME$/code/espeo/trade.io-eduportal/frontend/src/app/components/instructor/course-list/course-list.component.spec.ts" timestamp="1554894827141">
        <mark key="[" line="17" column="44" />
      </file>
      <file name="$USER_HOME$/code/espeo/trade.io-eduportal/frontend/src/app/domain/userExam.ts" timestamp="1555321138412">
        <mark key="[" line="8" column="0" />
        <mark key="]" line="8" column="0" />
        <mark key="." line="8" column="0" />
      </file>
      <file name="$USER_HOME$/code/espeo/trade.io-eduportal/frontend/src/app/components/auth/auth.component.ts" timestamp="1555422455653">
        <mark key="[" line="17" column="5" />
        <mark key="]" line="12" column="0" />
        <mark key="." line="12" column="0" />
      </file>
      <file name="$USER_HOME$/code/espeo/trade.io-eduportal/frontend/src/app/components/instructor/manage-course-edit/manage-course-chapter-edit/exam-lesson/exam-lesson.component.ts" timestamp="1554904774017">
        <mark key="[" line="10" column="0" />
        <mark key="]" line="10" column="0" />
        <mark key="." line="10" column="0" />
      </file>
      <file name="$USER_HOME$/code/omni/tracker/src/scripts/mods/browser-specific/firefox.ts" timestamp="1554410432114">
        <mark key="[" line="2" column="37" />
      </file>
      <file name="$USER_HOME$/code/omni/tracker/src/scripts/mods/event-machine/index.ts" timestamp="1554412658894">
        <mark key="[" line="15" column="30" />
      </file>
      <file name="$USER_HOME$/code/espeo/trade.io-eduportal/frontend/src/app/components/financial-reports/financial-reports.component.ts" timestamp="1553699067957">
        <mark key="[" line="0" column="50" />
      </file>
      <file name="$USER_HOME$/code/espeo/trade.io-eduportal/frontend/src/app/components/video/video.component.ts" timestamp="1554905284495">
        <mark key="[" line="10" column="9" />
        <mark key="]" line="10" column="9" />
        <mark key="." line="10" column="9" />
      </file>
      <file name="$USER_HOME$/code/espeo/trade.io-eduportal/frontend/src/app/components/exam/exam-question/exam-question.component.ts" timestamp="1555407463088">
        <mark key="[" line="69" column="29" />
        <mark key="]" line="69" column="29" />
        <mark key="." line="69" column="29" />
      </file>
      <file name="$USER_HOME$/code/espeo/trade.io-eduportal/frontend/src/app/root-store/root-store.module.ts" timestamp="1554371712007">
        <mark key="[" line="27" column="20" />
      </file>
      <file name="$USER_HOME$/code/espeo/trade.io-eduportal/frontend/cypress/support/index.js" timestamp="1554451162637">
        <mark key="[" line="5" column="0" />
      </file>
      <file name="$USER_HOME$/code/espeo/trade.io-eduportal/frontend/src/app/components/instructor/manage-course/manage-course.component.html" timestamp="1554802830389">
        <mark key="[" line="30" column="40" />
      </file>
      <file name="$USER_HOME$/code/espeo/trade.io-eduportal/frontend/src/app/components/instructor/instructor.module.ts" timestamp="1554898286390">
        <mark key="[" line="91" column="35" />
      </file>
      <file name="$USER_HOME$/code/espeo/trade.io-eduportal/frontend/src/app/components/instructor/dashboard/dashboard.component.ts" timestamp="1554904941796">
        <mark key="[" line="0" column="50" />
      </file>
      <file name="$USER_HOME$/code/espeo/trade.io-eduportal/frontend/src/app/components/exam/exam.component.ts" timestamp="1555072483403">
        <mark key="[" line="37" column="0" />
        <mark key="]" line="37" column="0" />
        <mark key="." line="37" column="0" />
      </file>
      <file name="$USER_HOME$/code/espeo/trade.io-eduportal/frontend/src/app/components/navbar/navbar.component.ts" timestamp="1555403219465">
        <mark key="[" line="32" column="11" />
        <mark key="]" line="32" column="12" />
        <mark key="." line="32" column="12" />
      </file>
      <file name="$USER_HOME$/code/omni/dom2json/index.js" timestamp="1555194708505">
        <mark key="[" line="110" column="29" />
        <mark key="]" line="110" column="29" />
        <mark key="." line="110" column="29" />
      </file>
      <file name="$USER_HOME$/code/espeo/trade.io-eduportal/frontend/src/app/components/exam/exam.module.ts" timestamp="1553704208926">
        <mark key="[" line="16" column="17" />
      </file>
      <file name="$USER_HOME$/code/espeo/trade.io-eduportal/frontend/src/app/domain/course.ts" timestamp="1554905456541">
        <mark key="[" line="39" column="60" />
        <mark key="]" line="53" column="0" />
        <mark key="." line="53" column="0" />
      </file>
      <file name="$USER_HOME$/code/espeo/trade.io-eduportal/frontend/src/app/services/auth.service.ts" timestamp="1555422428556">
        <mark key="'" line="23" column="0" />
        <mark key="[" line="83" column="37" />
        <mark key="]" line="5" column="17" />
        <mark key="." line="5" column="17" />
        <mark key="^" line="93" column="0" />
      </file>
      <file name="$USER_HOME$/code/espeo/trade.io-eduportal/frontend/src/app/root-store/course-wizard/course-wizard.actions.ts" timestamp="1554708592473">
        <mark key="[" line="0" column="37" />
      </file>
      <file name="$USER_HOME$/code/espeo/trade.io-eduportal/frontend/cypress/integration/login.spec.js" timestamp="1555422122380">
        <mark key="[" line="23" column="0" />
        <mark key="]" line="23" column="0" />
        <mark key="." line="23" column="0" />
      </file>
      <file name="$USER_HOME$/code/espeo/trade.io-eduportal/frontend/src/app/components/courses/courses.component.ts" timestamp="1554905009433">
        <mark key="[" line="6" column="44" />
      </file>
      <file name="$USER_HOME$/code/espeo/trade.io-eduportal/frontend/src/app/app.module.ts" timestamp="1555404408894">
        <mark key="[" line="53" column="18" />
      </file>
      <file name="$USER_HOME$/code/espeo/trade.io-eduportal/frontend/src/app/components/instructor/manage-course/manage-course-chapter/manage-course-chapter.component.html" timestamp="1554887730370">
        <mark key="[" line="0" column="30" />
      </file>
      <file name="$USER_HOME$/code/espeo/trade.io-eduportal/frontend/src/app/components/instructor/manage-course-edit/manage-course-edit.component.ts" timestamp="1554801883734">
        <mark key="[" line="35" column="28" />
      </file>
      <file name="$USER_HOME$/code/espeo/trade.io-eduportal/frontend/src/app/components/common-components/editor/editor.component.html" timestamp="1554386099639">
        <mark key="[" line="0" column="47" />
      </file>
      <file name="$USER_HOME$/code/espeo/trade.io-eduportal/frontend/src/app/components/exam/exam.guard.spec.ts" timestamp="1553771939978">
        <mark key="[" line="7" column="28" />
      </file>
      <file name="$USER_HOME$/code/espeo/trade.io-eduportal/frontend/src/app/components/navbar/sign-in-modal/sign-in-modal.component.html" timestamp="1555420742119">
        <mark key="[" line="30" column="0" />
        <mark key="]" line="30" column="0" />
        <mark key="." line="30" column="0" />
      </file>
      <file name="$USER_HOME$/code/espeo/trade.io-eduportal/frontend/src/app/components/instructor/manage-course-edit/manage-course-chapter-edit/exam-lesson-edit-modal/exam-lesson-edit-modal.component.ts" timestamp="1554904753897">
        <mark key="[" line="9" column="36" />
        <mark key="]" line="9" column="36" />
        <mark key="." line="9" column="36" />
      </file>
      <file name="$USER_HOME$/code/omni/tracker/publishing/publish.sh" timestamp="1554670962270">
        <mark key="[" line="5" column="0" />
      </file>
      <file name="$USER_HOME$/code/espeo/grimstad2-front/.gitignore" timestamp="1553506605027">
        <mark key="[" line="61" column="0" />
      </file>
      <file name="$USER_HOME$/code/espeo/trade.io-eduportal/frontend/src/app/root-store/category/category.selectors.ts" timestamp="1554818208584">
        <mark key="[" line="0" column="0" />
      </file>
      <file name="$USER_HOME$/code/omni/tracker/src/scripts/mods/dom-recorder/ripper.ts" timestamp="1555195361485">
        <mark key="[" line="21" column="0" />
        <mark key="]" line="21" column="0" />
        <mark key="." line="21" column="0" />
      </file>
      <file name="$USER_HOME$/code/espeo/trade.io-eduportal/frontend/src/app/components/video/video-chapters/video-chapters.component.ts" timestamp="1554905316724">
        <mark key="[" line="4" column="9" />
        <mark key="]" line="4" column="9" />
        <mark key="." line="4" column="9" />
      </file>
      <file name="$USER_HOME$/code/espeo/trade.io-eduportal/frontend/cypress/support/commands.js" timestamp="1555422799394">
        <mark key="[" line="8" column="56" />
        <mark key="]" line="8" column="56" />
        <mark key="." line="8" column="56" />
      </file>
      <file name="$USER_HOME$/code/espeo/trade.io-eduportal/frontend/src/app/root-store/chapter/chapter.effects.ts" timestamp="1555322517370">
        <mark key="[" line="93" column="38" />
        <mark key="]" line="93" column="38" />
        <mark key="." line="93" column="38" />
      </file>
      <file name="$USER_HOME$/code/espeo/trade.io-eduportal/frontend/src/app/pipes/filter-exam-by-type.pipe.ts" timestamp="1555319826626">
        <mark key="[" line="0" column="52" />
      </file>
      <file name="$USER_HOME$/code/omni/tracker/src/scripts/mods/element-from-point.ts" timestamp="1555190806179">
        <mark key="[" line="13" column="20" />
        <mark key="]" line="13" column="19" />
        <mark key="." line="13" column="19" />
      </file>
      <file name="$USER_HOME$/code/espeo/trade.io-eduportal/frontend/cypress/support/instructor.js" timestamp="1554906042559">
        <mark key="[" line="23" column="0" />
        <mark key="]" line="74" column="17" />
        <mark key="." line="74" column="17" />
      </file>
      <file name="$USER_HOME$/code/espeo/trade.io-eduportal/frontend/src/app/components/instructor/manage-course/manage-course-students/manage-course-students.component.html" timestamp="1554463906968">
        <mark key="[" line="5" column="23" />
      </file>
      <file name="$USER_HOME$/code/espeo/trade.io-eduportal/frontend/src/environments/environment.prod.ts" timestamp="1555402595852">
        <mark key="[" line="5" column="16" />
      </file>
      <file name="$USER_HOME$/code/espeo/trade.io-eduportal/frontend/src/app/components/profile/profile.component.ts" timestamp="1554907770922">
        <mark key="[" line="15" column="85" />
        <mark key="]" line="4" column="0" />
        <mark key="." line="4" column="0" />
      </file>
      <file name="$USER_HOME$/code/espeo/grimstad2-front/cypress/support/commands.js" timestamp="1555081893664">
        <mark key="[" line="2" column="29" />
      </file>
      <file name="$USER_HOME$/code/espeo/trade.io-eduportal/frontend/src/app/components/video-article/video-article.component.ts" timestamp="1554905178318">
        <mark key="[" line="0" column="75" />
      </file>
      <file name="$USER_HOME$/code/espeo/trade.io-eduportal/frontend/src/app/root-store/chapter/chapter.selectors.ts" timestamp="1554905352706">
        <mark key="[" line="1" column="9" />
        <mark key="]" line="1" column="9" />
        <mark key="." line="1" column="9" />
      </file>
      <file name="$USER_HOME$/code/espeo/trade.io-eduportal/frontend/src/app/components/exam/guards/exam-question.guard.ts" timestamp="1555407442367">
        <mark key="[" line="22" column="0" />
        <mark key="]" line="22" column="0" />
        <mark key="." line="22" column="0" />
      </file>
      <file name="$USER_HOME$/code/espeo/trade.io-eduportal/frontend/src/app/components/instructor/instructor.component.ts" timestamp="1554285949787">
        <mark key="[" line="7" column="0" />
      </file>
      <file name="$USER_HOME$/code/espeo/trade.io-eduportal/frontend/src/app/components/instructor/manage-course-edit/manage-course-exam-edit/manage-course-exam-edit.component.ts" timestamp="1554905098400">
        <mark key="[" line="11" column="43" />
      </file>
      <file name="$USER_HOME$/code/espeo/trade.io-eduportal/frontend/src/app/services/auth.service.spec.ts" timestamp="1555424884471">
        <mark key="[" line="15" column="19" />
        <mark key="]" line="15" column="18" />
        <mark key="." line="15" column="18" />
      </file>
      <file name="$USER_HOME$/code/espeo/trade.io-eduportal/frontend/src/app/root-store/exam/index.ts" timestamp="1555066432219">
        <mark key="[" line="0" column="0" />
      </file>
      <file name="$USER_HOME$/code/espeo/trade.io-eduportal/frontend/src/app/components/my-courses/my-courses.component.ts" timestamp="1555409255863">
        <mark key="[" line="17" column="2" />
        <mark key="]" line="17" column="2" />
        <mark key="." line="17" column="2" />
      </file>
      <file name="$USER_HOME$/code/espeo/trade.io-eduportal/frontend/src/app/domain/category.ts" timestamp="1554904351602">
        <mark key="[" line="0" column="8" />
        <mark key="]" line="3" column="0" />
        <mark key="." line="3" column="0" />
      </file>
      <file name="$USER_HOME$/code/espeo/trade.io-eduportal/frontend/src/app/components/exam/exam-clock/exam-clock.component.spec.ts" timestamp="1553771970796">
        <mark key="[" line="10" column="42" />
      </file>
      <file name="$USER_HOME$/code/espeo/trade.io-eduportal/frontend/src/app/components/profile/profile.service.spec.ts" timestamp="1554967423068">
        <mark key="[" line="16" column="0" />
        <mark key="]" line="16" column="0" />
        <mark key="." line="16" column="0" />
      </file>
      <file name="$USER_HOME$/code/espeo/trade.io-eduportal/frontend/src/app/components/instructor/manage-course-edit/manage-course-exam-edit/exam-question-edit-modal/exam-question-edit-modal.component.ts" timestamp="1555074353461">
        <mark key="[" line="37" column="14" />
      </file>
      <file name="$USER_HOME$/code/espeo/trade.io-eduportal/frontend/src/app/root-store/course-details/course-details.selectors.ts" timestamp="1554802071449">
        <mark key="[" line="4" column="0" />
      </file>
      <file name="$USER_HOME$/code/espeo/trade.io-eduportal/frontend/src/app/domain/exam.ts" timestamp="1555072240858">
        <mark key="[" line="81" column="87" />
        <mark key="]" line="81" column="87" />
        <mark key="." line="81" column="87" />
      </file>
      <file name="$USER_HOME$/code/espeo/trade.io-eduportal/frontend/src/app/components/instructor/course-details/course-details.component.ts" timestamp="1554905330898">
        <mark key="[" line="8" column="9" />
        <mark key="]" line="8" column="9" />
        <mark key="." line="8" column="9" />
      </file>
      <file name="$USER_HOME$/code/espeo/trade.io-eduportal/frontend/src/app/interceptors/token.interceptor.ts" timestamp="1555402499733">
        <mark key="[" line="26" column="5" />
      </file>
      <file name="$USER_HOME$/code/espeo/trade.io-eduportal/frontend/src/app/app-routing.module.ts" timestamp="1555405599141">
        <mark key="[" line="80" column="103" />
        <mark key="]" line="80" column="103" />
        <mark key="." line="80" column="103" />
      </file>
      <file name="$USER_HOME$/code/espeo/trade.io-eduportal/frontend/cypress/fixtures/chapters.json" timestamp="1554819771197">
        <mark key="[" line="0" column="0" />
      </file>
      <file name="$USER_HOME$/code/espeo/trade.io-eduportal/frontend/src/app/root-store/exam/exam.effects.ts" timestamp="1555419863081">
        <mark key="]" line="8" column="0" />
        <mark key="." line="8" column="0" />
      </file>
      <file name="$USER_HOME$/code/espeo/trade.io-eduportal/frontend/src/app/components/navbar/navbar.component.html" timestamp="1555424469073">
        <mark key="[" line="26" column="28" />
        <mark key="]" line="62" column="26" />
        <mark key="." line="62" column="26" />
        <mark key="^" line="78" column="0" />
      </file>
      <file name="$USER_HOME$/code/espeo/trade.io-eduportal/frontend/src/app/pipes/filter-exam-by-name.pipe.ts" timestamp="1554904896141">
        <mark key="[" line="0" column="52" />
      </file>
      <file name="$USER_HOME$/code/espeo/trade.io-eduportal/frontend/src/app/root-store/exam/exam.actions.ts" timestamp="1555419989951">
        <mark key="[" line="1" column="9" />
        <mark key="]" line="1" column="9" />
        <mark key="." line="1" column="9" />
      </file>
      <file name="$USER_HOME$/code/espeo/trade.io-eduportal/frontend/src/app/services/form-validator.service.ts" timestamp="1554888545046">
        <mark key="[" line="24" column="42" />
        <mark key="]" line="24" column="42" />
        <mark key="." line="24" column="42" />
      </file>
      <file name="$USER_HOME$/code/espeo/trade.io-eduportal/frontend/src/app/components/auth/auth.module.ts" timestamp="1555407470933">
        <mark key="[" line="6" column="16" />
      </file>
      <file name="$USER_HOME$/code/espeo/trade.io-eduportal/frontend/src/app/components/instructor/course-details/course-details-summary/course-details-summary.component.html" timestamp="1554888133199">
        <mark key="[" line="17" column="63" />
        <mark key="]" line="17" column="63" />
        <mark key="." line="17" column="63" />
      </file>
      <file name="/JavaScript Console" timestamp="1554798962062">
        <mark key="[" line="0" column="0" />
      </file>
      <file name="$USER_HOME$/code/espeo/trade.io-eduportal/frontend/src/app/components/instructor/manage-course/manage-course-exam/manage-course-exam.component.html" timestamp="1554889938913">
        <mark key="[" line="49" column="56" />
      </file>
      <file name="$USER_HOME$/code/omni/tracker/src/scripts/messages.ts" timestamp="1555192804574">
        <mark key="[" line="0" column="0" />
        <mark key="]" line="0" column="0" />
        <mark key="." line="0" column="0" />
      </file>
      <file name="/Dummy.txt" timestamp="1555424730076">
        <mark key="[" line="0" column="0" />
      </file>
      <file name="$USER_HOME$/code/espeo/trade.io-eduportal/frontend/angular.json" timestamp="1555317203023">
        <mark key="[" line="55" column="15" />
      </file>
      <file name="$USER_HOME$/code/espeo/trade.io-eduportal/frontend/src/app/components/instructor/manage-course-edit/manage-course-chapter-edit/exam-chapters-area/exam-chapters-area.component.ts" timestamp="1554817936080">
        <mark key="[" line="56" column="64" />
        <mark key="]" line="56" column="45" />
        <mark key="." line="56" column="45" />
      </file>
      <file name="$USER_HOME$/code/espeo/trade.io-eduportal/frontend/src/app/domain/oauth.ts" timestamp="1553615676767">
        <mark key="[" line="12" column="0" />
      </file>
      <file name="$USER_HOME$/code/omni/player/node_modules/dom2json/index.js" timestamp="1555196662007">
        <mark key="[" line="11" column="0" />
        <mark key="]" line="11" column="0" />
        <mark key="." line="11" column="0" />
      </file>
      <file name="$USER_HOME$/code/espeo/trade.io-eduportal/affiliate-frontend/src/app/navbar/navbar.component.html" timestamp="1555419705286">
        <mark key="[" line="26" column="10" />
      </file>
      <file name="$USER_HOME$/code/omni/tracker/src/scripts/mods/event-machine/bind-to-events.ts" timestamp="1554411061373">
        <mark key="[" line="23" column="31" />
      </file>
      <file name="$USER_HOME$/code/espeo/trade.io-eduportal/frontend/src/app/app.component.html" timestamp="1553693751045">
        <mark key="[" line="5" column="75" />
      </file>
    </filemarks>
    <jumps>
      <jump line="28" column="11" filename="$USER_HOME$/code/espeo/trade.io-eduportal/frontend/src/app/services/category.service.ts" />
      <jump line="59" column="49" filename="$USER_HOME$/code/espeo/trade.io-eduportal/frontend/src/app/services/category.service.spec.ts" />
      <jump line="115" column="23" filename="$USER_HOME$/code/espeo/trade.io-eduportal/frontend/src/app/components/profile/profile.component.ts" />
      <jump line="73" column="45" filename="$USER_HOME$/code/espeo/trade.io-eduportal/frontend/src/app/components/profile/profile.component.html" />
      <jump line="17" column="18" filename="$USER_HOME$/code/espeo/grimstad2-front/src/app/components/login/login.component.ts" />
      <jump line="31" column="7" filename="$USER_HOME$/code/espeo/trade.io-eduportal/frontend/src/app/services/courses.service.ts" />
      <jump line="7" column="17" filename="$USER_HOME$/code/espeo/trade.io-eduportal/frontend/tslint.json" />
      <jump line="18" column="29" filename="$USER_HOME$/code/espeo/trade.io-eduportal/frontend/src/assets/style/scss/partials/_utils.scss" />
      <jump line="59" column="22" filename="$USER_HOME$/code/espeo/trade.io-eduportal/frontend/src/app/components/exam/exam.component.html" />
      <jump line="21" column="0" filename="$USER_HOME$/code/espeo/trade.io-eduportal/frontend/src/app/utils.ts" />
      <jump line="0" column="0" filename="$USER_HOME$/code/espeo/trade.io-eduportal/frontend/src/app/utils.spec.ts" />
      <jump line="96" column="54" filename="$USER_HOME$/code/espeo/trade.io-eduportal/frontend/src/app/components/courses/courses.component.html" />
      <jump line="30" column="56" filename="$USER_HOME$/code/espeo/trade.io-eduportal/frontend/src/app/components/common-components/spinner/spinner.component.spec.ts" />
      <jump line="42" column="11" filename="$USER_HOME$/code/espeo/trade.io-eduportal/frontend/src/app/components/common-components/spinner/spinner.component.spec.ts" />
      <jump line="18" column="17" filename="$USER_HOME$/code/espeo/trade.io-eduportal/frontend/src/app/root-store/category/category.reducer.ts" />
      <jump line="103" column="4" filename="$USER_HOME$/code/espeo/trade.io-eduportal/frontend/src/app/components/instructor/course-list/course-list.component.ts" />
      <jump line="23" column="42" filename="$USER_HOME$/code/espeo/trade.io-eduportal/frontend/src/app/components/instructor/course-list/course-list.component.ts" />
      <jump line="13" column="70" filename="$USER_HOME$/code/espeo/trade.io-eduportal/frontend/src/app/components/instructor/course-list/course-list.component.html" />
      <jump line="2" column="51" filename="$USER_HOME$/code/espeo/trade.io-eduportal/frontend/cypress/support/coure-list.js" />
      <jump line="58" column="29" filename="$USER_HOME$/code/espeo/trade.io-eduportal/frontend/src/app/services/courses.service.ts" />
      <jump line="94" column="54" filename="$USER_HOME$/code/espeo/trade.io-eduportal/frontend/src/app/components/instructor/manage-course-edit/manage-course-chapter-edit/exam-chapters-area/exam-chapters-area.component.ts" />
      <jump line="87" column="27" filename="$USER_HOME$/code/espeo/trade.io-eduportal/frontend/src/app/components/instructor/manage-course-edit/manage-course-chapter-edit/exam-lesson/exam-lesson.component.html" />
      <jump line="8" column="9" filename="$USER_HOME$/code/espeo/trade.io-eduportal/frontend/src/app/root-store/chapter/chapter.effects.ts" />
      <jump line="35" column="54" filename="$USER_HOME$/code/espeo/trade.io-eduportal/frontend/src/app/services/chapter.service.ts" />
      <jump line="305" column="58" filename="$USER_HOME$/code/omni/dom2json/index.js" />
      <jump line="0" column="2" filename="$USER_HOME$/code/omni/dom2json/index.js" />
      <jump line="67" column="29" filename="$USER_HOME$/code/espeo/trade.io-eduportal/frontend/src/app/root-store/chapter/chapter.effects.ts" />
      <jump line="69" column="27" filename="$USER_HOME$/code/espeo/trade.io-eduportal/frontend/src/app/components/instructor/manage-course-edit/manage-course-chapter-edit/exam-chapters-area/exam-chapters-area.component.html" />
      <jump line="38" column="14" filename="$USER_HOME$/code/espeo/trade.io-eduportal/frontend/src/app/components/instructor/manage-course-edit/manage-course-chapter-edit/exam-lesson-edit-modal/exam-lesson-edit-modal.component.ts" />
      <jump line="37" column="2" filename="$USER_HOME$/code/espeo/trade.io-eduportal/frontend/src/app/components/instructor/manage-course-edit/manage-course-chapter-edit/exam-lesson-edit-modal/exam-lesson-edit-modal.component.ts" />
      <jump line="54" column="0" filename="$USER_HOME$/code/espeo/trade.io-eduportal/frontend/src/app/components/instructor/manage-course-edit/manage-course-chapter-edit/exam-lesson/exam-lesson.component.ts" />
      <jump line="40" column="0" filename="$USER_HOME$/code/espeo/trade.io-eduportal/frontend/src/app/components/instructor/manage-course-edit/manage-course-chapter-edit/exam-lesson/exam-lesson.component.ts" />
      <jump line="0" column="25" filename="$USER_HOME$/code/espeo/trade.io-eduportal/frontend/src/app/components/exam/exam-question/exam-question.component.html" />
      <jump line="34" column="34" filename="$USER_HOME$/code/espeo/trade.io-eduportal/frontend/src/app/components/exam/exam-result/exam-result.component.html" />
      <jump line="22" column="36" filename="$USER_HOME$/code/espeo/trade.io-eduportal/frontend/src/app/root-store/exam/exam.reducer.ts" />
      <jump line="13" column="74" filename="$USER_HOME$/code/espeo/trade.io-eduportal/frontend/src/app/root-store/exam/exam.selectors.ts" />
      <jump line="94" column="22" filename="$USER_HOME$/code/espeo/trade.io-eduportal/frontend/src/app/root-store/chapter/chapter.effects.ts" />
      <jump line="101" column="40" filename="$USER_HOME$/code/espeo/trade.io-eduportal/frontend/src/app/root-store/chapter/chapter.effects.ts" />
      <jump line="79" column="27" filename="$USER_HOME$/code/espeo/trade.io-eduportal/frontend/src/app/components/instructor/manage-course-edit/manage-course-exam-edit/exam-questions-area/exam-questions-area.component.html" />
      <jump line="99" column="26" filename="$USER_HOME$/code/espeo/trade.io-eduportal/frontend/src/app/services/exam.service.ts" />
      <jump line="10" column="10" filename="$USER_HOME$/code/espeo/trade.io-eduportal/frontend/src/app/services/exam.service.ts" />
      <jump line="70" column="22" filename="$USER_HOME$/code/espeo/trade.io-eduportal/frontend/src/app/components/instructor/manage-course-edit/manage-course-exam-edit/exam-questions-area/exam-questions-area.component.html" />
      <jump line="73" column="23" filename="$USER_HOME$/code/espeo/trade.io-eduportal/frontend/src/app/components/instructor/manage-course-edit/manage-course-exam-edit/exam-questions-area/exam-questions-area.component.html" />
      <jump line="57" column="3" filename="$USER_HOME$/code/espeo/trade.io-eduportal/frontend/src/app/components/instructor/manage-course-edit/manage-course-exam-edit/exam-question-edit-modal/exam-question-edit-modal.component.ts" />
      <jump line="15" column="28" filename="$USER_HOME$/code/espeo/trade.io-eduportal/frontend/src/app/components/instructor/manage-course-edit/manage-course-exam-edit/exam-question-edit-modal/exam-question-edit-modal.component.ts" />
      <jump line="75" column="61" filename="$USER_HOME$/code/espeo/trade.io-eduportal/frontend/src/app/components/instructor/manage-course-edit/manage-course-exam-edit/exam-question-edit-modal/exam-question-edit-modal.component.ts" />
      <jump line="17" column="21" filename="$USER_HOME$/code/espeo/trade.io-eduportal/frontend/src/app/components/instructor/manage-course-edit/manage-course-exam-edit/exam-question-edit-modal/exam-question-edit-modal.component.ts" />
      <jump line="64" column="0" filename="$USER_HOME$/code/espeo/trade.io-eduportal/frontend/src/assets/style/scss/partials/_variables.scss" />
      <jump line="35" column="24" filename="$USER_HOME$/code/espeo/trade.io-eduportal/frontend/src/app/components/instructor/manage-course-edit/manage-course-exam-edit/exam-question-edit-modal/exam-question-edit-modal.component.html" />
      <jump line="0" column="10" filename="$USER_HOME$/code/espeo/trade.io-eduportal/frontend/src/app/components/instructor/manage-course-edit/manage-course-exam-edit/exam-question-edit-modal/exam-question-edit-modal.component.scss" />
      <jump line="2" column="7" filename="$USER_HOME$/code/espeo/trade.io-eduportal/frontend/src/assets/style/scss/partials/_variables.scss" />
      <jump line="36" column="52" filename="$USER_HOME$/code/espeo/trade.io-eduportal/frontend/src/app/root-store/exam-question/exam-question.effects.ts" />
      <jump line="81" column="44" filename="$USER_HOME$/code/espeo/trade.io-eduportal/frontend/src/app/components/instructor/manage-course-edit/manage-course-exam-edit/exam-question-edit-modal/exam-question-edit-modal.component.ts" />
      <jump line="79" column="20" filename="$USER_HOME$/code/espeo/trade.io-eduportal/frontend/src/app/components/instructor/manage-course-edit/manage-course-exam-edit/exam-question-edit-modal/exam-question-edit-modal.component.ts" />
      <jump line="63" column="26" filename="$USER_HOME$/code/espeo/trade.io-eduportal/frontend/src/app/root-store/exam-question/exam-question.effects.ts" />
      <jump line="86" column="64" filename="$USER_HOME$/code/espeo/trade.io-eduportal/frontend/src/app/components/instructor/manage-course-edit/manage-course-exam-edit/manage-course-exam-edit.component.html" />
      <jump line="8" column="23" filename="$USER_HOME$/code/espeo/trade.io-eduportal/frontend/cypress/integration/exam-manage.spec.js" />
      <jump line="24" column="31" filename="$USER_HOME$/code/espeo/trade.io-eduportal/frontend/cypress/support/instructor.js" />
      <jump line="34" column="43" filename="$USER_HOME$/code/espeo/trade.io-eduportal/frontend/cypress/support/instructor.js" />
      <jump line="31" column="14" filename="$USER_HOME$/code/espeo/trade.io-eduportal/frontend/src/app/root-store/exam-question/exam-question.reducer.ts" />
      <jump line="0" column="0" filename="$USER_HOME$/code/espeo/trade.io-eduportal/frontend/src/app/services/lesson.service.ts" />
      <jump line="31" column="53" filename="$USER_HOME$/code/espeo/trade.io-eduportal/frontend/src/app/components/cart/cart.component.ts" />
      <jump line="11" column="0" filename="$USER_HOME$/code/espeo/trade.io-eduportal/frontend/src/app/services/courses.service.ts" />
      <jump line="46" column="44" filename="$USER_HOME$/code/espeo/trade.io-eduportal/frontend/src/app/components/cart/cart.component.ts" />
      <jump line="44" column="2" filename="$USER_HOME$/code/espeo/trade.io-eduportal/frontend/src/app/components/cart/cart.component.ts" />
      <jump line="4" column="37" filename="$USER_HOME$/code/espeo/trade.io-eduportal/frontend/src/app/services/courses.service.ts" />
      <jump line="373" column="0" filename="$USER_HOME$/code/espeo/trade.io-eduportal/frontend/src/app/services/courses.service.ts" />
      <jump line="18" column="0" filename="$USER_HOME$/code/espeo/trade.io-eduportal/frontend/src/app/services/courses.service.ts" />
      <jump line="1" column="0" filename="$USER_HOME$/code/espeo/trade.io-eduportal/frontend/src/app/root-store/course-wizard/course-wizard.effects.ts" />
      <jump line="37" column="0" filename="$USER_HOME$/code/espeo/trade.io-eduportal/frontend/src/app/root-store/course-details/course-details.effects.ts" />
      <jump line="32" column="8" filename="$USER_HOME$/code/espeo/trade.io-eduportal/frontend/src/app/services/courses.service.ts" />
      <jump line="44" column="22" filename="$USER_HOME$/code/espeo/trade.io-eduportal/frontend/src/app/components/instructor/course-details/course-details-summary/course-details-summary.component.ts" />
      <jump line="0" column="50" filename="$USER_HOME$/code/espeo/trade.io-eduportal/frontend/cypress/support/course-wiazard.js" />
      <jump line="41" column="0" filename="$USER_HOME$/code/espeo/trade.io-eduportal/frontend/src/app/components/instructor/manage-course-edit/manage-course-chapter-edit/exam-chapters-area/exam-chapters-area.component.ts" />
      <jump line="15" column="39" filename="$USER_HOME$/code/espeo/trade.io-eduportal/frontend/src/app/components/instructor/course-details/course-details-description/course-details-description.component.spec.ts" />
      <jump line="63" column="28" filename="$USER_HOME$/code/espeo/trade.io-eduportal/frontend/src/app/root-store/chapter/chapter.reducer.ts" />
      <jump line="27" column="6" filename="$USER_HOME$/code/espeo/trade.io-eduportal/frontend/src/app/root-store/chapter/chapter.reducer.spec.ts" />
      <jump line="50" column="17" filename="$USER_HOME$/code/espeo/trade.io-eduportal/frontend/src/app/root-store/chapter/chapter.effects.ts" />
      <jump line="13" column="95" filename="$USER_HOME$/code/espeo/trade.io-eduportal/frontend/node_modules/@angular/cdk/drag-drop/typings/drag-utils.d.ts" />
      <jump line="60" column="1" filename="$USER_HOME$/code/espeo/trade.io-eduportal/frontend/src/app/components/instructor/manage-course-edit/manage-course-chapter-edit/exam-lesson/exam-lesson.component.ts" />
      <jump line="39" column="4" filename="$USER_HOME$/code/espeo/trade.io-eduportal/frontend/src/app/root-store/chapter/chapter.reducer.ts" />
      <jump line="7" column="0" filename="$USER_HOME$/code/espeo/trade.io-eduportal/frontend/src/app/utils.ts" />
      <jump line="7" column="32" filename="$USER_HOME$/code/espeo/trade.io-eduportal/frontend/src/app/components/common-components/confirm-modal/confirm-modal.component.html" />
      <jump line="116" column="8" filename="$USER_HOME$/code/espeo/trade.io-eduportal/frontend/src/app/services/exam.service.ts" />
      <jump line="38" column="28" filename="$USER_HOME$/code/espeo/trade.io-eduportal/frontend/src/app/domain/course.ts" />
      <jump line="16" column="2" filename="$USER_HOME$/code/espeo/trade.io-eduportal/frontend/src/app/domain/userExam.ts" />
      <jump line="11" column="32" filename="$USER_HOME$/code/espeo/trade.io-eduportal/frontend/src/app/root-store/exam/exam.actions.ts" />
      <jump line="20" column="18" filename="$USER_HOME$/code/espeo/trade.io-eduportal/frontend/src/app/components/exam/exam-question/exam-question.component.ts" />
      <jump line="67" column="50" filename="$USER_HOME$/code/espeo/trade.io-eduportal/frontend/src/app/components/exam/exam-question/exam-question.component.html" />
      <jump line="63" column="43" filename="$USER_HOME$/code/espeo/trade.io-eduportal/frontend/src/app/components/exam/exam-question/exam-question.component.ts" />
      <jump line="62" column="2" filename="$USER_HOME$/code/espeo/trade.io-eduportal/frontend/src/app/components/exam/exam-question/exam-question.component.ts" />
      <jump line="59" column="26" filename="$USER_HOME$/code/omni/tracker/package.json" />
      <jump line="37" column="48" filename="$USER_HOME$/code/omni/tracker/src/scripts/mods/dom-time.ts" />
      <jump line="1" column="0" filename="$USER_HOME$/code/omni/tracker/src/scripts/mods/dom-time.ts" />
      <jump line="0" column="0" filename="$USER_HOME$/code/omni/tracker/src/scripts/mods/dom-time.ts" />
      <jump line="48" column="0" filename="$USER_HOME$/code/omni/tracker/src/scripts/mods/dom-time.ts" />
      <jump line="346" column="8" filename="$USER_HOME$/code/omni/dom2json/index.ts" />
      <jump line="13" column="7" filename="$USER_HOME$/code/espeo/trade.io-eduportal/frontend/src/app/components/exam/exam-question/exam-question.component.ts" />
      <jump line="69" column="35" filename="$USER_HOME$/code/espeo/trade.io-eduportal/frontend/src/app/components/exam/exam-question/exam-question.component.ts" />
      <jump line="23" column="0" filename="$USER_HOME$/code/espeo/trade.io-eduportal/frontend/src/app/services/auth.service.ts" />
    </jumps>
    <registers>
      <register name="&quot;" type="4">
        <text>)</text>
      </register>
      <register name="-" type="4">
        <text>)</text>
      </register>
      <register name="/" type="4">
        <text>drag-item</text>
      </register>
      <register name="0" type="2">
        <text encoding="base64">ICAgIHRoaXMucm91dGUucGFyYW1zLnN1YnNjcmliZSgocGFyYW1zKSA9PiB7CiAgICAgIGNvbnNvbGUubG9nKHBhcmFtcyk7CiAgICAgIGRlYnVnZ2VyOwogICAgfSk7Cg==</text>
      </register>
      <register name="1" type="2">
        <text encoding="base64">ICAgCg==</text>
      </register>
      <register name="2" type="2">
        <text encoding="base64">ICAgICAgLmlzaXQoJy8jL2NvdXJzZXMnKQo=</text>
      </register>
      <register name="3" type="2">
        <text encoding="base64">ICAgIC5nZXQoJ1tkYXRhLWFyaWE9InNpZ24taW4taW5zdHJ1Y3Rvci1idXR0b24iXScpLmZpcnN0KCkuY2xpY2soKQo=</text>
      </register>
      <register name="4" type="2">
        <text encoding="base64">Cg==</text>
      </register>
      <register name="5" type="2">
        <text encoding="base64">ICAgICAgLmFzc2VydEVxdWFsKHJlcXVlc3RzLCAnY3JlZGVudGlhbHNTZW50JywgdHJ1ZSkK</text>
      </register>
      <register name="6" type="2">
        <text encoding="base64">ICAgICAgLmxvZ2luKCkK</text>
      </register>
      <register name="7" type="2">
        <text encoding="base64">ICAgICAgLnZpc2l0KGAvYCkKICAgICAgLndhaXQoNTAwMCkK</text>
      </register>
      <register name="8" type="4">
        <text>goToProfileView()
      .assertUserData({ email: 'john@doe.com' }));</text>
      </register>
      <register name="9" type="2">
        <text encoding="base64">Cg==</text>
      </register>
      <register name=":" type="4">
        <text>w</text>
      </register>
    </registers>
    <search>
      <last-search>drag-item</last-search>
      <last-offset />
      <last-pattern>drag-item</last-pattern>
      <last-replace>~</last-replace>
      <last-substitute>use</last-substitute>
      <last-dir>1</last-dir>
      <show-last>false</show-last>
    </search>
    <history>
      <history-search>
        <entry>job_add</entry>
        <entry>JOB_ADD</entry>
        <entry>ACTION</entry>
        <entry>createF</entry>
        <entry>mock</entry>
        <entry>mock-d</entry>
        <entry encoding="base64">PDw=</entry>
        <entry>mark</entry>
        <entry>empty</entry>
        <entry>em</entry>
        <entry>class=&quot;&quot;</entry>
        <entry>quest</entry>
        <entry>Que</entry>
        <entry>data-</entry>
        <entry>sonar</entry>
        <entry>query</entry>
        <entry encoding="base64">XDx9XD4=</entry>
        <entry>se</entry>
        <entry>use</entry>
        <entry>drag-item</entry>
      </history-search>
      <history-cmd>
        <entry>10\</entry>
        <entry>10</entry>
        <entry>93</entry>
        <entry>81</entry>
        <entry>37</entry>
        <entry>W</entry>
        <entry>65</entry>
        <entry>447</entry>
        <entry>qw</entry>
        <entry>29</entry>
        <entry>51</entry>
        <entry>92</entry>
        <entry>ew</entry>
        <entry>vs</entry>
        <entry>17</entry>
        <entry>22</entry>
        <entry>28</entry>
        <entry>353</entry>
        <entry>we</entry>
        <entry>w</entry>
      </history-cmd>
      <history-expr />
      <history-input />
    </history>
    <shortcut-conflicts>
      <shortcut-conflict owner="vim">
        <text>ctrl pressed T</text>
      </shortcut-conflict>
      <shortcut-conflict owner="vim">
        <text>ctrl pressed D</text>
      </shortcut-conflict>
      <shortcut-conflict owner="vim">
        <text>ctrl pressed F</text>
      </shortcut-conflict>
      <shortcut-conflict owner="vim">
        <text>ctrl pressed H</text>
      </shortcut-conflict>
      <shortcut-conflict owner="vim">
        <text>ctrl pressed G</text>
      </shortcut-conflict>
      <shortcut-conflict owner="vim">
        <text>ctrl pressed E</text>
      </shortcut-conflict>
      <shortcut-conflict owner="vim">
        <text>ctrl pressed A</text>
      </shortcut-conflict>
    </shortcut-conflicts>
  </component>
</application>